{"cameraMode":{"drawMode":0,"name":"Shaded","section":"Shading Mode"},"sceneLighting":true,"audioPlay":false,"sceneViewState":{"m_AlwaysRefresh":false,"showFog":true,"showSkybox":true,"showFlares":true,"showImageEffects":true,"showParticleSystems":true,"showVisualEffectGraphs":true,"m_FxEnabled":true},"in2DMode":false,"pivot":{"x":39.155067443847659,"y":-26.704357147216798,"z":88.0592041015625},"rotation":{"x":-0.25683823227882388,"y":-0.02853008545935154,"z":0.007125544361770153,"w":-0.9661505818367004},"size":55.65898513793945,"orthographic":false}